<?xml version="1.0" encoding="UTF-8"?>
<Configuration status="WARN">
 
	<Appenders>
		<Console name="Console" target="SYSTEM_OUT">
			<PatternLayout pattern="%d{YYYY-MM-dd HH:mm:ss} %-5p %c{1}:%L - %msg%n" />
		</Console>
 
		<RollingFile name="RollingFile" filename="log/output.log"
			filepattern="${logPath}/%d{YYYYMMddHHmmss}-fargo.log">
			<PatternLayout pattern="%d{YYYY-MM-dd HH:mm:ss} %-5p %c{1} - %msg%n" />
			<Policies>
				<SizeBasedTriggeringPolicy size="100 MB" />
			</Policies>
			<DefaultRolloverStrategy max="20" />
		</RollingFile>
 
	</Appenders>
	<Loggers>
		<Root level="info">
			<AppenderRef ref="Console" />
			<AppenderRef ref="RollingFile" />
		</Root>
	</Loggers>
</Configuration>