<map>

	<stations>

		<station>
			<type>Active</type>
			<name>Berlin</name>
			<x_loc>2800</x_loc>
			<y_loc>4800</y_loc>
			<router>simple</router>
			<max_passengers> 100 </max_passengers>
		</station>
			<station>
			<type>Active</type>
			<name>Paris</name>
			<x_loc>2240</x_loc>
			<y_loc>4800</y_loc>
			<router>simple</router>
			<max_passengers> 100 </max_passengers>
		</station>
		<station>
			<type>Active</type>
			<name>Amsterdam</name>
			<x_loc>2800</x_loc>
			<y_loc>5200</y_loc>
			<router>simple</router>
			<max_passengers> 100 </max_passengers>
		</station>	
		<station>
			<type>Cargo</type>
			<name>London</name>
			<x_loc>2240</x_loc>
			<y_loc>5200</y_loc>
			<router>simple</router>
			<max_passengers> 100 </max_passengers>
		</station>
		<station>
			<type>Active</type>
			<name>Manchester</name>
			<x_loc>2000</x_loc>
			<y_loc>5600</y_loc>
			<router>simple</router>
			<max_passengers> 100 </max_passengers>
		</station>
		<station>
			<type>Cargo</type>
			<name>Glasgow</name>
			<x_loc>1600</x_loc>
			<y_loc>6000</y_loc>
			<router>simple</router>
			<max_passengers> 100 </max_passengers>
		</station>

		<station>
			<type>Active</type>
			<name>Vienna</name>
			<x_loc>3200</x_loc>
			<y_loc>4600</y_loc>
			<router>simple</router>
			<max_passengers> 100</max_passengers>
		</station>
		<station>
			<type>Active</type>
			<name>Budapest</name>
			<x_loc>3600</x_loc>
			<y_loc>4200</y_loc>
			<router>simple</router>
			<max_passengers> 100</max_passengers>
		</station>
		<station>
			<type>Cargo</type>
			<name>Bucharest</name>
			<x_loc>4000</x_loc>
			<y_loc>3800</y_loc>
			<router>simple</router>
			<max_passengers> 100</max_passengers>
		</station>
		
	</stations>
	<lines>
		<line>
			<name>Central Europe</name>
			<station_colour>
				<red>10</red>
				<green>180</green>
				<blue>50</blue>
			</station_colour>
			<line_colour>
				<red>40</red>
				<green>40</green>
				<blue>90</blue>
			</line_colour>
			<stations>	
				<station>
					<name>Paris</name>
					<double>true</double>
				</station>
				<station>
					<name>London</name>
					<double>true</double>
				</station>
				<station>
					<name>Amsterdam</name>
					<double>true</double>
				</station>
				<station>
					<name>Berlin</name>
					<double>true</double>
				</station>
			</stations>
		</line>
		
		<line>
			<name>East West</name>
			<station_colour>
				<red>0</red>
				<green>0</green>
				<blue>0</blue>
			</station_colour>
			<line_colour>
				<red>255</red>
				<green>0</green>
				<blue>0</blue>
			</line_colour>
			<stations>	
				<station>
					<name>Bucharest</name>
					<double>true</double>
				</station>
				<station>
					<name>Budapest</name>
					<double>true</double>
				</station>
				<station>
					<name>Vienna</name>
					<double>true</double>
				</station>
				<station>
					<name>Berlin</name>
					<double>true</double>
				</station>
				<station>
					<name>Paris</name>
					<double>true</double>
				</station>
			</stations>
		</line>
		
		<line>
			<name>Northern</name>
			<station_colour>
				<red>255</red>
				<green>200</green>
				<blue>0</blue>
			</station_colour>
			<line_colour>
				<red>255</red>
				<green>200</green>
				<blue>0</blue>
			</line_colour>
			<stations>	
				<station>
					<name>Glasgow</name>
					<double>true</double>
				</station>
				<station>
					<name>Manchester</name>
					<double>true</double>
				</station>
				<station>
					<name>London</name>
					<double>true</double>
				</station>
			</stations>
		</line>
		
	</lines>

	<trains>
		<train>
			<type>BigPassenger</type>
			<line>Central Europe</line>
			<start>Paris</start>
			<name>Generic European Train</name>
			<direction>forward</direction>
		</train>
		<train>
			<type>BigCargo</type>
			<line>East West</line>
			<start>Bucharest</start>
			<name>Vlad the Impalator</name>
			<direction>forward</direction>
		</train>
		<train>
			<type>BigCargo</type>
			<line>Northern</line>
			<start>Glasgow</start>
			<name>Thomas the Tank Engine</name>
			<direction>forward</direction>
		</train>


		
	</trains>
</map>